internalTaxonId,scientificName,name,genusName,speciesName,speciesAuthor,infraType,infrarankAuthor
17026,Phocarctos hookeri,"Arctocephalus hookeri Gray, 1844",Arctocephalus,hookeri,"Gray, 1844",,
40540,Sarcophilus harrisii,"Ursinus harrisii Boitard, 1841",Ursinus,harrisii,"Boitard, 1841",,
9917,Nilgiritragus hylocrius,"Hemitragus hylocrius (Ogilby, 1838)",Hemitragus,hylocrius,"(Ogilby, 1838)",,
914,Alouatta pigra,"Alouatta pigra ssp. luctuosa Lawrence, 1933",Alouatta,pigra,,subspecies,"Lawrence, 1933"
39961,Ateles hybridus,"Ateles belzebuth ssp. brunneus Gray, 1872",Ateles,belzebuth,,subspecies,"Gray, 1872"
39827,Pygathrix cinerea,"Pygathrix nemaeus Nadler, 1997 ssp. cinerea",Pygathrix,nemaeus,"Nadler, 1997",subspecies,
39833,Semnopithecus ajax,"Semnopithecus entellus ssp. ajax (Pocock, 1928)",Semnopithecus,entellus,,subspecies,"(Pocock, 1928)"
39833,Semnopithecus ajax,"Pithecuas entellus ssp. ajax Pocock, 1928",Pithecuas,entellus,,subspecies,"Pocock, 1928"
19597,Rhinopithecus bieti,"Pygathrix roxellana ssp. bieti (Milne-Edwards, 1897)",Pygathrix,roxellana,,subspecies,"(Milne-Edwards, 1897)"
5144,Colobus polykomos,"Cebus polykomos E.A.W. Zimmermann, 1780",Cebus,polykomos,"E.A.W. Zimmermann, 1780",,
39795,Macaca siberu,"Macaca pagensis ssp. siberu Fuentes & Olson, 1995",Macaca,pagensis,,subspecies,"Fuentes & Olson, 1995"
39794,Macaca pagensis,"Macaca mentaveensis de Beaux, 1923",Macaca,mentaveensis,"de Beaux, 1923",,
12556,Macaca nigra,"Macaca malayanus (Desmoulins, 1824)",Macaca,malayanus,"(Desmoulins, 1824)",,
12556,Macaca nigra,"Macaca lembicus (Miller, 1931)",Macaca,lembicus,"(Miller, 1931)",,
12560,Macaca sinica,"Macaca audeberti (Reichenbach, 1862)",Macaca,audeberti,"(Reichenbach, 1862)",,
12560,Macaca sinica,"Macaca inaurea Pocock, 1931",Macaca,inaurea,"Pocock, 1931",,
12560,Macaca sinica,"Macaca pileatus (Ogilby, 1838)",Macaca,pileatus,"(Ogilby, 1838)",,
12560,Macaca sinica,"Macaca longicaudata Deraniyagala, 1965",Macaca,longicaudata,"Deraniyagala, 1965",,
12559,Macaca silenus,"Macaca vetulus (Erxleben, 1777)",Macaca,vetulus,"(Erxleben, 1777)",,
12559,Macaca silenus,"Macaca albibarbatus (Kerr, 1792)",Macaca,albibarbatus,"(Kerr, 1792)",,
12559,Macaca silenus,"Macaca veter (Audebert, 1798)",Macaca,veter,"(Audebert, 1798)",,
12559,Macaca silenus,"Macaca ferox (Shaw, 1792)",Macaca,ferox,"(Shaw, 1792)",,
12753,Mandrillus leucophaeus,"Simia leucophaea F. Cuvier, 1807",Simia,leucophaea,"F. Cuvier, 1807",,
39811,Presbytis melalophos,"Presbytis aurata (Muller & Schlegel, 1861)",Presbytis,aurata,"(Muller & Schlegel, 1861)",,
39811,Presbytis melalophos,"Presbytis batuanus Miller, 1903",Presbytis,batuanus,"Miller, 1903",,
39811,Presbytis melalophos,"Presbytis ferrugineus (Schlegel, 1876)",Presbytis,ferrugineus,"(Schlegel, 1876)",,
39811,Presbytis melalophos,"Presbytis flavimanus (I. Geoffroy, 1831)",Presbytis,flavimanus,"(I. Geoffroy, 1831)",,
39811,Presbytis melalophos,"Presbytis fluviatilis (Chasen, 1940)",Presbytis,fluviatilis,"(Chasen, 1940)",,
39811,Presbytis melalophos,"Presbytis fusco-murina Elliot, 1906",Presbytis,fusco-murina,"Elliot, 1906",,
39811,Presbytis melalophos,"Presbytis margae Hooijer, 1948",Presbytis,margae,"Hooijer, 1948",,
39811,Presbytis melalophos,"Presbytis nobilis (Gray, 1842)",Presbytis,nobilis,"(Gray, 1842)",,
39811,Presbytis melalophos,"Presbytis melalophos ssp. melalophos (Raffles, 1821)",Presbytis,melalophos,,subspecies,"(Raffles, 1821)"
39815,Presbytis potenziani,"Presbytis potenziani ssp. potenziani (Bonaparte, 1856)",Presbytis,potenziani,,subspecies,"(Bonaparte, 1856)"
39815,Presbytis potenziani,"Presbytis chrysogaster (Peters, 1867)",Presbytis,chrysogaster,"(Peters, 1867)",,
39803,Presbytis chrysomelas,"Presbytis arwasca Miller, 1934",Presbytis,arwasca,"Miller, 1934",,
39803,Presbytis chrysomelas,"Presbytis femoralis ssp. chrysomelas (Müller, 1838)",Presbytis,femoralis,,subspecies,"(Müller, 1838)"
39803,Presbytis chrysomelas,"Presbytis keatii Robinson & Kloss, 1991",Presbytis,keatii,"Robinson & Kloss, 1991",,
39803,Presbytis chrysomelas,"Presbytis neglectus (Schlegel, 1876)",Presbytis,neglectus,"(Schlegel, 1876)",,
39803,Presbytis chrysomelas,"Presbytis australis Miller, 1913",Presbytis,australis,"Miller, 1913",,
4203,Cercocebus sanjei,"Cercocebus galeritus ssp. sanjei Mittermeier, 1986",Cercocebus,galeritus,,subspecies,"Mittermeier, 1986"
4207,Cercocebus chrysogaster,"Cercocebus galeritus ssp. chrysogaster Lydekker, 1900",Cercocebus,galeritus,,subspecies,"Lydekker, 1900"
4200,Cercocebus galeritus,"Cercocebus galeritus ssp. galeritus Peters, 1879",Cercocebus,galeritus,,subspecies,"Peters, 1879"
39853,Trachypithecus francoisi,"Trachypithecus francoisi ssp. francoisi (Pousargues, 1858)",Trachypithecus,francoisi,,subspecies,"(Pousargues, 1858)"
22042,Semnopithecus vetulus,"Trachypithecus vetulus (Erxleben, 1777)",Trachypithecus,vetulus,"(Erxleben, 1777)",,
39871,Trachypithecus poliocephalus,"Trachypithecus poliocephalus ssp. poliocephalus (Pousargues, 1898)",Trachypithecus,poliocephalus,,subspecies,"(Pousargues, 1898)"
22039,Trachypithecus obscurus,"Trachypithecus leucomystax (Müller & Schlegel, 1841)",Trachypithecus,leucomystax,"(Müller & Schlegel, 1841)",,
22039,Trachypithecus obscurus,"Trachypithecus corvus (Miller, 1913)",Trachypithecus,corvus,"(Miller, 1913)",,
22039,Trachypithecus obscurus,"Trachypithecus corax Pocock, 1934",Trachypithecus,corax,"Pocock, 1934",,
22039,Trachypithecus obscurus,"Trachypithecus smithii (Kloss, 1916)",Trachypithecus,smithii,"(Kloss, 1916)",,
22039,Trachypithecus obscurus,"Trachypithecus ruhei (Knottnerus-Meyer, 1933)",Trachypithecus,ruhei,"(Knottnerus-Meyer, 1933)",,
39869,Trachypithecus shortridgei,"Trachypithecus belliger (Wroughton, 1915)",Trachypithecus,belliger,"(Wroughton, 1915)",,
136791,Rungwecebus kipunji,"Lophocebus kipunji (Ehardt, Butynski, Jones & Davenport, 2005)",Lophocebus,kipunji,"(Ehardt, Butynski, Jones & Davenport, 2005)",,
40652,Paragalago rondoensis,"Galago rondoensis Honess in Kingdon, 1997",Galago,rondoensis,"Honess in Kingdon, 1997",,
40652,Paragalago rondoensis,"Galagoides rondoensis (Honess in Kingdon, 1997)",Galagoides,rondoensis,"(Honess in Kingdon, 1997)",,
10550,Hylobates moloch,"Hylobates cinera Cuvier, 1798",Hylobates,cinera,"Cuvier, 1798",,
10550,Hylobates moloch,"Hylobates pongoalsoni Sody, 1949",Hylobates,pongoalsoni,"Sody, 1949",,
10550,Hylobates moloch,"Hylobates leucisca (Schreber, 1799)",Hylobates,leucisca,"(Schreber, 1799)",,
10550,Hylobates moloch,"Hylobates javanicus Matchie, 1893",Hylobates,javanicus,"Matchie, 1893",,
10550,Hylobates moloch,"Simia moloch Audebert, 1798",Simia,moloch,"Audebert, 1798",,
39879,Hylobates albibarbis,"Hylobates muelleri ssp. albibarbis Lyon, 1911",Hylobates,muelleri,,subspecies,"Lyon, 1911"
39879,Hylobates albibarbis,"Hylobates agilis ssp. albibarbis (Lyon, 1911)",Hylobates,agilis,,subspecies,"(Lyon, 1911)"
10548,Hylobates lar,"Hylobates longimana (Schreber, 1774)",Hylobates,longimana,"(Schreber, 1774)",,
10548,Hylobates lar,"Hylobates albimana (Vigors & Horsfield, 1828)",Hylobates,albimana,"(Vigors & Horsfield, 1828)",,
10548,Hylobates lar,"Hylobates varius (Latreille, 1801)",Hylobates,varius,"(Latreille, 1801)",,
10548,Hylobates lar,"Hylobates variegates (É. Geoffroy Saint-Hilaire, 1812)",Hylobates,variegates,"(É. Geoffroy Saint-Hilaire, 1812)",,
10548,Hylobates lar,"Homo lar Linneaus, 1771",Homo,lar,"Linneaus, 1771",,
10547,Hylobates klossii,"Symphalangus klossii G.S. Miller, 1903",Symphalangus,klossii,"G.S. Miller, 1903",,
10543,Hylobates agilis,"Hylobates albo ssp. nigrescens Ludeking, 1862",Hylobates,albo,,subspecies,"Ludeking, 1862"
10543,Hylobates agilis,"Hylobates rafflei É. Geoffroy, 1828",Hylobates,rafflei,"É. Geoffroy, 1828",,
10543,Hylobates agilis,"Hylobates unko Lesson, 1829",Hylobates,unko,"Lesson, 1829",,
10543,Hylobates agilis,"Hylobates albo ssp. griseus Ludeking, 1862",Hylobates,albo,,subspecies,"Ludeking, 1862"
39779,Symphalangus syndactylus,"Hylobates syndactylus (Raffles, 1821)",Hylobates,syndactylus,"(Raffles, 1821)",,
39779,Symphalangus syndactylus,"Symphalangus subfossilis Hooijer, 1960",Symphalangus,subfossilis,"Hooijer, 1960",,
39779,Symphalangus syndactylus,"Symphalangus volzi (Pohl, 1911)",Symphalangus,volzi,"(Pohl, 1911)",,
39779,Symphalangus syndactylus,"Symphalangus gibbon (C. Miller, 1779)",Symphalangus,gibbon,"(C. Miller, 1779)",,
39779,Symphalangus syndactylus,"Symphalangus continentis Thomas, 1908",Symphalangus,continentis,"Thomas, 1908",,
39779,Symphalangus syndactylus,"Simia syndactylus Raffles, 1821",Simia,syndactylus,"Raffles, 1821",,
39876,Hoolock hoolock,"Bunopithecus hoolock ssp. hoolock (Harlan, 1834)",Bunopithecus,hoolock,,subspecies,"(Harlan, 1834)"
39876,Hoolock hoolock,"Hylobates hoolock (Harlan, 1834) [<i>pro parte</i>]",Hylobates,hoolock,"(Harlan, 1834) [<i>pro parte</i>]",,
39876,Hoolock hoolock,"Simia hoolock Harlan, 1834",Simia,hoolock,"Harlan, 1834",,
39775,Nomascus concolor,"Hylobates concolor (Harlan, 1826)",Hylobates,concolor,"(Harlan, 1826)",,
39775,Nomascus concolor,"Nomascus henrici de Pousargues, 1897",Nomascus,henrici,"de Pousargues, 1897",,
39775,Nomascus concolor,"Nomascus harlani Lesson, 1827",Nomascus,harlani,"Lesson, 1827",,
39775,Nomascus concolor,"Nomascus niger Ogilby, 1840",Nomascus,niger,"Ogilby, 1840",,
39775,Nomascus concolor,"Simia concolor Harlan, 1826",Simia,concolor,"Harlan, 1826",,
39896,Nomascus siki,"Hylobates concolor ssp. siki Delacour, 1951",Hylobates,concolor,,subspecies,"Delacour, 1951"
128073282,Nomascus gabriellae,"Hylobates gabriellae Thomas, 1909",Hylobates,gabriellae,"Thomas, 1909",,
41643,Nomascus hainanus,"Hylobates hainanus Thomas, 1892",Hylobates,hainanus,"Thomas, 1892",,
41643,Nomascus hainanus,"Nomascus nasutus ssp. hainanus (Thomas, 1892)",Nomascus,nasutus,,subspecies,"(Thomas, 1892)"
41642,Nomascus nasutus,"Hylobates nasutus Kunkel d'Herculais, 1884",Hylobates,nasutus,"Kunkel d'Herculais, 1884",,
163017685,Nycticebus coucang,"Nycticebus brachycephalus Sody, 1949",Nycticebus,brachycephalus,"Sody, 1949",,
163017685,Nycticebus coucang,"Nycticebus buku Robinson, 1917",Nycticebus,buku,"Robinson, 1917",,
163017685,Nycticebus coucang,"Nycticebus coucang ssp. coucang (Boddaert, 1785)",Nycticebus,coucang,,subspecies,"(Boddaert, 1785)"
163017685,Nycticebus coucang,"Nycticebus insularis Robinson, 1917",Nycticebus,insularis,"Robinson, 1917",,
163017685,Nycticebus coucang,"Nycticebus malaiana Anderson, 1881",Nycticebus,malaiana,"Anderson, 1881",,
163017685,Nycticebus coucang,"Nycticebus natunae Stone & Rehn, 1902",Nycticebus,natunae,"Stone & Rehn, 1902",,
163017685,Nycticebus coucang,"Nycticebus sumatrensis Ludeking, 1867",Nycticebus,sumatrensis,"Ludeking, 1867",,
163017685,Nycticebus coucang,"Nycticebus tardigradus (Raffles, 1821)",Nycticebus,tardigradus,"(Raffles, 1821)",,
163017685,Nycticebus coucang,"Tardigradus coucang Boddaert, 1784",Tardigradus,coucang,"Boddaert, 1784",,
41550,Plecturocebus modestus,"Callicebus modestus Lönnberg, 1939",Callicebus,modestus,"Lönnberg, 1939",,
3553,Plecturocebus oenanthe,"Callicebus oenanthe Thomas, 1924",Callicebus,oenanthe,"Thomas, 1924",,
3554,Plecturocebus olallae,"Callicebus olallae Lönnberg, 1939",Callicebus,olallae,"Lönnberg, 1939",,
81237954,Cebus brunneus,"Cebus olivaceus ssp. brunneus Allen, 1914",Cebus,olivaceus,,subspecies,"Allen, 1914"
136912,Presbytis sumatrana,"Presbytis melalophos ssp. sumatranus (Müller &amp; Schlegel, 1841)",Presbytis,melalophos,,subspecies,"(Müller &amp; Schlegel, 1841)"
39816,Presbytis siberu,Presbytis potenziani  Chasen & Kloss 1928,Presbytis,potenziani ,Chasen & Kloss 1928 ,,
39816,Presbytis siberu,"Presbytis potenziani ssp. siberu (Chasen &amp; Kloss, 1928)",Presbytis,potenziani,,subspecies,"(Chasen &amp; Kloss, 1928)"
39810,Presbytis sabana,"Presbytis hosei ssp. sabana (Thomas, 1893)",Presbytis,hosei,,subspecies,"(Thomas, 1893)"
39810,Presbytis sabana,"Semnopithecus canicrus Miller, 1934",Semnopithecus,canicrus,"Miller, 1934",,
39872,Trachypithecus leucocephalus,"Trachypithecus poliocephalus ssp. leucocephalus Tan, 1955",Trachypithecus,poliocephalus,,subspecies,"Tan, 1955"
39890,Hylobates funereus,"Hylobates muelleri ssp. funereus I. Geoffroy, 1850",Hylobates,muelleri,,subspecies,"I. Geoffroy, 1850"
39889,Hylobates abbotti,"Hylobates cinereus ssp. abbotti Kloss, 1929",Hylobates,cinereus,,subspecies,"Kloss, 1929"
39889,Hylobates abbotti,"Hylobates muelleri ssp. abbotti Kloss, 1929",Hylobates,muelleri,,subspecies,"Kloss, 1929"
6553,Dicerorhinus sumatrensis,"Rhinoceros sumatrensis G. Fischer, 1814",Rhinoceros,sumatrensis,"G. Fischer, 1814",,
10032,Choeropsis liberiensis,"Hexaprotodon liberiensis (Morton, 1849)",Hexaprotodon,liberiensis,"(Morton, 1849)",,
1087,Neamblysomus gunningi,"Amblysomus gunningi (Broom, 1908)",Amblysomus,gunningi,"(Broom, 1908)",,
1087,Neamblysomus gunningi,"Chrysochloris gunningi Broom, 1908",Chrysochloris,gunningi,"Broom, 1908",,
1089,Neamblysomus julianae,"Amblysomus julianae Meester, 1972",Amblysomus,julianae,"Meester, 1972",,
5748,Cryptochloris wintoni,"Chrysochloris wintoni Broom, 1907",Chrysochloris,wintoni,"Broom, 1907",,
4828,Chrysospalax trevelyani,"Chrysochloris trevelyani Günther, 1875",Chrysochloris,trevelyani,"Günther, 1875",,
16138,Parantechinus apicalis,"Phascogale apicalis Gray, 1842",Phascogale,apicalis,"Gray, 1842",,
6296,Dasyurus viverrinus,"Satanellus viverrinus (Shaw, 1800)",Satanellus,viverrinus,"(Shaw, 1800)",,
6296,Dasyurus viverrinus,"Didelphis viverrina Shaw, 1800",Didelphis,viverrina,"Shaw, 1800",,
6295,Dasyurus hallucatus,"Satanellus hallucatus (Gould, 1842)",Satanellus,hallucatus,"(Gould, 1842)",,
136218,Ailurops melanotis,"Phalanger melanotis O. Thomas, 1898",Phalanger,melanotis,"O. Thomas, 1898",,
20639,Spilocuscus rufoniger,"Phalanger maculatus ssp. rufoniger Zimara, 1937",Phalanger,maculatus,,subspecies,"Zimara, 1937"
20639,Spilocuscus rufoniger,"Phalanger atrimaculatus (Tate, 1945)",Phalanger,atrimaculatus,"(Tate, 1945)",,
6429,Dendrolagus goodfellowi,"Dendrolagus shawmayeri Rothschild & Dollman, 1936",Dendrolagus,shawmayeri,"Rothschild & Dollman, 1936",,
6429,Dendrolagus goodfellowi,"Dendrolagus buergersi Matschie, 1912",Dendrolagus,buergersi,"Matschie, 1912",,
136255,Thylogale lanata,"Thylogale lanatus O. Thomas, 1922 [orth. error]",Thylogale,lanatus,"O. Thomas, 1922 [orth. error]",,
6224,Dactylopsila tatei,"Dactylonax tatei (Laurie, 1952)",Dactylonax,tatei,"(Laurie, 1952)",,
18107,Potorous gilbertii,"Potorous tridactylus ssp. gilbertii (Gould, 1841)",Potorous,tridactylus,,subspecies,"(Gould, 1841)"
23179,Zaglossus bruijnii,"Zaglossus bruijni (Peters & Doria, 1876) [orth. error]",Zaglossus,bruijni,"(Peters & Doria, 1876) [orth. error]",,
16573,Perameles fasciata,"Perameles bougainville ssp. fasciata J.E. Gray, 1841",Perameles,bougainville,,subspecies,"J.E. Gray, 1841"
136531,Pteropus ualanus,Pteropus keraudrenius,Pteropus,keraudrenius,,,
136531,Pteropus ualanus,Pteropus ualensis,Pteropus,ualensis,,,
136531,Pteropus ualanus,"Pteropus keraudren Quoy & Gaimard, 1824",Pteropus,keraudren,"Quoy & Gaimard, 1824",,
136531,Pteropus ualanus,"Pteropus mariannus ssp. ualanus  Peters, 1883",Pteropus,mariannus,,subspecies,"Peters, 1883"
4321,Mops tomensis,"Chaerephon tomensis (Juste & Ibáñez, 1993)",Chaerephon,tomensis,"(Juste & Ibáñez, 1993)",,
4321,Mops tomensis,"Tadarida tomensis Juste &amp; Ibáñez, 1993",Tadarida,tomensis,"Juste &amp; Ibáñez, 1993",,
19533,Rhinolophus cognatus,"Rhinolophus famulus Andersen, 1918",Rhinolophus,famulus,"Andersen, 1918",,
136519,Notopteris neocaledonicus,"Notopteris neocaledonica Trouessart, 1908 [orth. error]",Notopteris,neocaledonica,"Trouessart, 1908 [orth. error]",,
136610,Pteronotus paraguanensis,"Pteronotus parnellii ssp. paraguanensis Linares & Ojasti, 1974",Pteronotus,parnellii,,subspecies,"Linares & Ojasti, 1974"
139,Acerodon jubatus,"Acerodon lucifer Elliot, 1896",Acerodon,lucifer,"Elliot, 1896",,
4320,Mops solomonis,"Chaerephon solomonis (Troughton, 1931)",Chaerephon,solomonis,"(Troughton, 1931)",,
4320,Mops solomonis,"Tadarida solomonis Troughton, 1931",Tadarida,solomonis,"Troughton, 1931",,
18655,Mirimiri acrodonta,"Pteralopex acrodonta Hill & Beckon, 1978",Pteralopex,acrodonta,"Hill & Beckon, 1978",,
18714,Pteropus aldabrensis,"Pteropus seychellensis ssp. aldabrensis True, 1893",Pteropus,seychellensis,,subspecies,"True, 1893"
18714,Pteropus aldabrensis,"Pteropus seychellensis True, 1893 ssp. aldabrensis",Pteropus,seychellensis,"True, 1893",subspecies,
85043053,Pteropus pelagicus,"Pteropus insularis Hombron &amp; Jacquinot, 1842",Pteropus,insularis,"Hombron &amp; Jacquinot, 1842",,
85043053,Pteropus pelagicus,"Pteropus phaeocephalus Thomas, 1882",Pteropus,phaeocephalus,"Thomas, 1882",,
188566753,Pteropus mariannus,"Pteropus keraudren Quoy & Gaimard, 1824",Pteropus,keraudren,"Quoy & Gaimard, 1824",,
18744,Pteropus nitendiensis,"Pteropus sanctacrucis Troughton, 1930",Pteropus,sanctacrucis,"Troughton, 1930",,
18741,Pteropus molossinus,"Pteropus breviceps Thomas, 1882",Pteropus,breviceps,"Thomas, 1882",,
71733227,Mormopterus acetabulosus,"Vespertilio acetabulosus Hermann, 1804",Vespertilio,acetabulosus,"Hermann, 1804",,
18755,Pteropus rodricensis,"Pteropus mascarinus Mason, 1907",Pteropus,mascarinus,"Mason, 1907",,
18766,Pteropus vampyrus,"Vespertilio gigantea Brunnich, 1782",Vespertilio,gigantea,"Brunnich, 1782",,
18766,Pteropus vampyrus,"Pteropus giganteus (Brünnich, 1782)",Pteropus,giganteus,"(Brünnich, 1782)",,
18766,Pteropus vampyrus,"Pteropus kalou É. Geoffroy, 1810",Pteropus,kalou,"É. Geoffroy, 1810",,
18766,Pteropus vampyrus,"Pteropus javanicus Desmarest, 1820",Pteropus,javanicus,"Desmarest, 1820",,
18766,Pteropus vampyrus,"Pteropus kopangi Kuroda, 1933",Pteropus,kopangi,"Kuroda, 1933",,
18766,Pteropus vampyrus,"Pteropus celaeno Hermann, 1804",Pteropus,celaeno,"Hermann, 1804",,
18766,Pteropus vampyrus,"Pteropus malaccensis K. Andersen, 1908",Pteropus,malaccensis,"K. Andersen, 1908",,
18766,Pteropus vampyrus,"Pteropus pteronotus Dobson, 1878",Pteropus,pteronotus,"Dobson, 1878",,
18766,Pteropus vampyrus,"Pteropus phaiops Gray, 1870 [not Temminck, 1825]",Pteropus,phaiops,"Gray, 1870 [not Temminck, 1825]",,
18766,Pteropus vampyrus,"Pteropus natunae K. Andersen, 1908",Pteropus,natunae,"K. Andersen, 1908",,
18766,Pteropus vampyrus,"Pteropus funereus Temminck, 1837",Pteropus,funereus,"Temminck, 1837",,
18766,Pteropus vampyrus,"Pteropus pluton Temminck, 1853",Pteropus,pluton,"Temminck, 1853",,
18766,Pteropus vampyrus,"Pteropus lanensis Mearns, 1905",Pteropus,lanensis,"Mearns, 1905",,
18766,Pteropus vampyrus,"Pteropus kelaarti Gray, 1870 [skull, not skin]",Pteropus,kelaarti,"Gray, 1870 [skull, not skin]",,
18766,Pteropus vampyrus,"Pteropus nudus Hermann, 1804",Pteropus,nudus,"Hermann, 1804",,
18766,Pteropus vampyrus,"Pteropus edulis É. Geoffroy, 1810",Pteropus,edulis,"É. Geoffroy, 1810",,
18766,Pteropus vampyrus,"Pteropus caninus Blumenbach, 1797",Pteropus,caninus,"Blumenbach, 1797",,
18766,Pteropus vampyrus,"Pteropus sumatrensis Ludeking, 1862",Pteropus,sumatrensis,"Ludeking, 1862",,
10125,Hipposideros curtus,"Hipposideros sandersoni Sanderson, 1937",Hipposideros,sandersoni,"Sanderson, 1937",,
13638,Cabreramops aequatorianus,"Molossops aequatorianus Cabrera, 1917",Molossops,aequatorianus,"Cabrera, 1917",,
11697,Leptonycteris nivalis,"Ischnoglossa nivalis Saussure, 1860",Ischnoglossa,nivalis,"Saussure, 1860",,
44703,Muntiacus vuquangensis,"Megamuntiacus vuquangensis Do Tuoc, Vu Van Dung, Dawson, Arctander & Mackinnon, 1994",Megamuntiacus,vuquangensis,"Do Tuoc, Vu Van Dung, Dawson, Arctander & Mackinnon, 1994",,
2446,Axis calamianensis,"Axis porcinus ssp. calamianensis (Heude, 1888)",Axis,porcinus,,subspecies,"(Heude, 1888)"
2446,Axis calamianensis,"Hyelaphus calamianensis (Heude, 1888)",Hyelaphus,calamianensis,"(Heude, 1888)",,
2446,Axis calamianensis,"Cervus calamianensis Heude, 1888",Cervus,calamianensis,"Heude, 1888",,
4265,Rucervus eldii,"Panolia eldii (M'Clelland, 1842)",Panolia,eldii,"(M'Clelland, 1842)",,
4265,Rucervus eldii,"Cervus eldii M'Clelland, 1842",Cervus,eldii,"M'Clelland, 1842",,
4273,Rusa alfredi,"Cervus alfredi (Sclater, 1870)",Cervus,alfredi,"(Sclater, 1870)",,
13703,Monodelphis unistriata,"Monodelphis unistriatus (Wagner, 1842) [orth. error]",Monodelphis,unistriatus,"(Wagner, 1842) [orth. error]",,
13703,Monodelphis unistriata,"Didelphys unistriata Wagner, 1842",Didelphys,unistriata,"Wagner, 1842",,
41320,Cryptonanus ignitus,"Gracilinanus ignitus Díaz, Flores & Barquez, 2002",Gracilinanus,ignitus,"Díaz, Flores & Barquez, 2002",,
9003,Geocapromys thoracatus,"Capromys brachyurus ssp. thoractus True, 1888",Capromys,brachyurus,,subspecies,"True, 1888"
17462,Plagiodontia ipnaeum,"Plagiodontia velozi Rimoli, 1976",Plagiodontia,velozi,"Rimoli, 1976",,
4651,Chinchilla chinchilla,"Chinchilla brevicaudata Waterhouse, 1848",Chinchilla,brevicaudata,"Waterhouse, 1848",,
4651,Chinchilla chinchilla,"Chinchilla brevicauda Waterhouse, 1848",Chinchilla,brevicauda,"Waterhouse, 1848",,
6978,Phyllomys brasiliensis,"Echimys brasiliensis (Lund, 1840)",Echimys,brasiliensis,"(Lund, 1840)",,
6990,Phyllomys unicolor,"Echimys unicolor (Wagner, 1842)",Echimys,unicolor,"(Wagner, 1842)",,
6664,Santamartamys rufodorsalis,"Diplomys rufodorsalis J.A. Allen, 1899",Diplomys,rufodorsalis,"J.A. Allen, 1899",,
42591,Heterogeomys lanius,"Orthogeomys lanius (Elliot, 1905)",Orthogeomys,lanius,"(Elliot, 1905)",,
12077,Heteromys spectabilis,"Liomys spectabilis Genoways, 1971",Liomys,spectabilis,"Genoways, 1971",,
18703,Pteromyscus pulverulentus,"Sciuropterus pulverulentus Günther, 1873",Sciuropterus,pulverulentus,"Günther, 1873",,
12832,Marmota sibirica,"Marmota sibirica (Dybowski, 1922) ssp. dahurica",Marmota,sibirica,"(Dybowski, 1922)",subspecies,
12832,Marmota sibirica,"Marmota sibirica Bannikov & Skalon, 1949 ssp. caliginosus",Marmota,sibirica,"Bannikov & Skalon, 1949",subspecies,
20489,Xerospermophilus perotensis,"Spermophilus perotensis Merriam, 1893",Spermophilus,perotensis,"Merriam, 1893",,
21355,Neotamias palmeri,"Tamias palmeri (Merriam, 1897)",Tamias,palmeri,"(Merriam, 1897)",,
21355,Neotamias palmeri,"Eutamias palmeri Merriam, 1897",Eutamias,palmeri,"Merriam, 1897",,
136299,Cryptotis merus,"Cryptotis mera Goldman, 1912",Cryptotis,mera,"Goldman, 1912",,
20391,Sorex pribilofensis,"Sorex hydrodromus Dobson, 1889",Sorex,hydrodromus,"Dobson, 1889",,
10588,Neohylomys hainanensis,"Hylomys hainanensis (T.H. Shaw & Wong Song, 1959)",Hylomys,hainanensis,"(T.H. Shaw & Wong Song, 1959)",,
20320,Atopogale cubana,"Atopogale cubanus (Peters, 1861) [orth. error]",Atopogale,cubanus,"(Peters, 1861) [orth. error]",,
20320,Atopogale cubana,"Solenodon cubanus Peters, 1861",Solenodon,cubanus,"Peters, 1861",,
15611,Casiomys rhabdops,"Handleyomys rhabdops (C.H. Merriam, 1901)",Handleyomys,rhabdops,"(C.H. Merriam, 1901)",,
15611,Casiomys rhabdops,"Oryzomys rhabdops C.H. Merriam, 1901",Oryzomys,rhabdops,"C.H. Merriam, 1901",,
15597,Mindomys hammondi,"Oryzomys hammondi (Thomas, 1913)",Oryzomys,hammondi,"(Thomas, 1913)",,
13048,Melanomys zunigae,"Oryzomys zunigae Sanborn, 1949",Oryzomys,zunigae,"Sanborn, 1949",,
741,Neomicroxus latebricola,"Akodon latebricola (Anthony, 1924)",Akodon,latebricola,"(Anthony, 1924)",,
741,Neomicroxus latebricola,"Microxus latebricola Anthony, 1924",Microxus,latebricola,"Anthony, 1924",,
11062,Gyldenstolpia fronto,"Kunsia fronto (Winge, 1887)",Kunsia,fronto,"(Winge, 1887)",,
45071,Otomys burtoni,"Otomys irroratus  ssp. burtoni O. Thomas, 1918",Otomys,irroratus ,,subspecies,"O. Thomas, 1918"
13961,Mus fernandoni,"Leggadilla fernandoni Phillips, 1932",Leggadilla,fernandoni,"Phillips, 1932",,
21973,Tokudaia osimensis,"Rattus jerdoni ssp. osimensis Abe, 1933",Rattus,jerdoni,,subspecies,"Abe, 1933"
9618,Hadromys humei,"Mus humei Thomas, 1886",Mus,humei,"Thomas, 1886",,
5414,Coryphomys buehleri,"Coryphomys buhleri Schaub, 1937 [orth. error]",Coryphomys,buhleri,"Schaub, 1937 [orth. error]",,
5514,Cremnomys elvira,"Rattus elvira Ellerman, 1947",Rattus,elvira,"Ellerman, 1947",,
20336,Solomys sapientis,"Uromys sapientis Thomas, 1902",Uromys,sapientis,"Thomas, 1902",,
22844,Vandeleuria nolthenii,"Vandeleuria oleracea ssp. nolthenii (Phillips, 1929)",Vandeleuria,oleracea,,subspecies,"(Phillips, 1929)"
22844,Vandeleuria nolthenii,"Vandeleuria nilagirica ssp. nolthenii Phillips, 1929",Vandeleuria,nilagirica,,subspecies,"Phillips, 1929"
19325,Rattus burrus,"Mus burrulus Miller, 1902",Mus,burrulus,"Miller, 1902",,
19325,Rattus burrus,"Mus burrescens Miller, 1902",Mus,burrescens,"Miller, 1902",,
19325,Rattus burrus,"Mus burrus Miller, 1902",Mus,burrus,"Miller, 1902",,
22806,Uromys rex,"Mus rex Thomas, 1888",Mus,rex,"Thomas, 1888",,
20757,Nesoromys ceramicus,"Stenomys ceramicus (Thomas, 1920)",Stenomys,ceramicus,"(Thomas, 1920)",,
23327,Zyzomys palatalis,"Zyzomys palatilis Kitchener, 1989 [orth. error]",Zyzomys,palatilis,"Kitchener, 1989 [orth. error]",,
21172,Porcula salvania,"Sus salvanius (Hodgson, 1847)",Sus,salvanius,"(Hodgson, 1847)",,
136472,Babyrousa togeanensis,"Babyrousa babyrussa ssp. togeanensis (Sody, 1949)",Babyrousa,babyrussa,,subspecies,"(Sody, 1949)"
136472,Babyrousa togeanensis,"Babirussa babyrussa ssp. togeanensis Sody, 1949",Babirussa,babyrussa,,subspecies,"Sody, 1949"
3326,Bunolagus monticularis,"Lepus monticularis Thomas, 1903",Lepus,monticularis,"Thomas, 1903",,
40800,Ochotona hoffmanni,Ochotona alpina ssp. nova,Ochotona,alpina,,subspecies,
40800,Ochotona hoffmanni,"Ochotona alpina ssp. hoffmanni Formozov, Yakhontov & Dmitriev, 1996",Ochotona,alpina,,subspecies,"Formozov, Yakhontov & Dmitriev, 1996"
41986,Ochotona argentata,"Ochotona pallasi ssp. helanshanensis Zheng, 1987 [in Wang 1990]",Ochotona,pallasi,,subspecies,"Zheng, 1987 [in Wang 1990]"
41986,Ochotona argentata,"Ochotona helanshanensis Zheng, 1987 [in Wang 1990]",Ochotona,helanshanensis,"Zheng, 1987 [in Wang 1990]",,
4806,Chrotogale owstoni,"Hemigalus owstoni (Thomas, 1912)",Hemigalus,owstoni,"(Thomas, 1912)",,
6082,Cynogale bennettii,"Cynogale lowei Pocock, 1933",Cynogale,lowei,"Pocock, 1933",,
13110,Melogale everetti,"Melogale personata ssp. everetti (Thomas, 1895)",Melogale,personata,,subspecies,"(Thomas, 1895)"
13923,Mungotictis decemlineata,"Mungotictis lineata Pocock, 1915",Mungotictis,lineata,"Pocock, 1915",,
13923,Mungotictis decemlineata,"Mungotictis substriatus Pocock, 1915",Mungotictis,substriatus,"Pocock, 1915",,
13923,Mungotictis decemlineata,"Mungotictis vittatus Gray, 1848",Mungotictis,vittatus,"Gray, 1848",,
14018,Mustela lutreola,"Viverra lutreola Linnaeus, 1761",Viverra,lutreola,"Linnaeus, 1761",,
14020,Mustela nigripes,"Putorius nigripes Audubon & Bachman, 1851",Putorius,nigripes,"Audubon & Bachman, 1851",,
23036,Viverra civettina,"Viverra megaspila ssp. civettina Blyth, 1862",Viverra,megaspila,,subspecies,"Blyth, 1862"
39547,Eupleres major,"Eupleres goudotii ssp. major Lavauden, 1929",Eupleres,goudotii,,subspecies,"Lavauden, 1929"
40784,Neogale macrodon,"Mustela macrodon (Prentis, 1903)",Mustela,macrodon,"(Prentis, 1903)",,
40784,Neogale macrodon,"Lutreola macrodon Prentis, 1903",Lutreola,macrodon,"Prentis, 1903",,
40784,Neogale macrodon,"Neovison macrodon (Prentis, 1903)",Neovison,macrodon,"(Prentis, 1903)",,
2057,Arctocephalus galapagoensis,"Arctocephalus australis ssp. galapagoensis Heller, 1904",Arctocephalus,australis,,subspecies,"Heller, 1904"
2057,Arctocephalus galapagoensis,"Arctophoca galapagoensis (Heller, 1904)",Arctophoca,galapagoensis,"(Heller, 1904)",,
2057,Arctocephalus galapagoensis,"Arctophoca australis ssp. galapagoensis (Heller, 1904)",Arctophoca,australis,,subspecies,"(Heller, 1904)"
13655,Neomonachus tropicalis,"Monachus tropicalis (Gray, 1850)",Monachus,tropicalis,"(Gray, 1850)",,
13655,Neomonachus tropicalis,"Phoca tropicalis Gray, 1850",Phoca,tropicalis,"Gray, 1850",,
41668,Zalophus wollebaeki,"Zalophus californianus ssp. wollebaeki (Sivertsen, 1953)",Zalophus,californianus,,subspecies,"(Sivertsen, 1953)"
41669,Pusa caspica,"Phoca caspica Gmelin, 1788",Phoca,caspica,"Gmelin, 1788",,
3129,Bubalus arnee,"Bubalus bubalus ssp. septentrionalis Matschie, 1912",Bubalus,bubalus,,subspecies,"Matschie, 1912"
3129,Bubalus arnee,"Bos bubalus var. fulvus Blanford, 1891",Bos,bubalus,,variety,"Blanford, 1891"
3129,Bubalus arnee,"Bubalis bubalis ssp. migona Deraniyagala, 1953",Bubalis,bubalis,,subspecies,"Deraniyagala, 1953"
3129,Bubalus arnee,"Bubalus arna var. macrocerus Hodgson, 1842",Bubalus,arna,,variety,"Hodgson, 1842"
3129,Bubalus arnee,"Bubalus arna Hodgson, 1841",Bubalus,arna,"Hodgson, 1841",,
3129,Bubalus arnee,"Bos arni Hamilton Smith, 1827",Bos,arni,"Hamilton Smith, 1827",,
12561,Macaca sylvanus,"Simia sylvanus Linnaeus, 1758",Simia,sylvanus,"Linnaeus, 1758",,
12561,Macaca sylvanus,"Macaca sylvana (Linnaeus, 1758) [orth. var.]",Macaca,sylvana,"(Linnaeus, 1758) [orth. var.]",,
512,Addax nasomaculatus,"Antilope nasomaculata de Blainville, 1816",Antilope,nasomaculata,"de Blainville, 1816",,
6234,Beatragus hunteri,"Damaliscus hunteri (P.L. Sclater, 1889)",Damaliscus,hunteri,"(P.L. Sclater, 1889)",,
8968,Nanger dama,"Gazella dama (Pallas, 1766)",Gazella,dama,"(Pallas, 1766)",,
8968,Nanger dama,"Antilope dama Pallas, 1766",Antilope,dama,"Pallas, 1766",,
8989,Gazella gazella,"Gazella gazella ssp. gazella (Pallas, 1766)",Gazella,gazella,,subspecies,"(Pallas, 1766)"
8972,Gazella leptoceros,"Antilope leptoceros F. Cuvier, 1842",Antilope,leptoceros,"F. Cuvier, 1842",,
8980,Gazella saudiya,"Gazella dorcas ssp. saudiya Carruthers & Schwarz, 1935",Gazella,dorcas,,subspecies,"Carruthers & Schwarz, 1935"
8991,Eudorcas tilonura,"Antilopa tilonura Heuglin, 1869",Antilopa,tilonura,"Heuglin, 1869",,
8991,Eudorcas tilonura,"Eudorcas rufifrons ssp. tilonura (Heuglin, 1869)",Eudorcas,rufifrons,,subspecies,"(Heuglin, 1869)"
8991,Eudorcas tilonura,"Gazella rufifrons ssp. tilonura (Heuglin, 1869)",Gazella,rufifrons,,subspecies,"(Heuglin, 1869)"
10168,Hippotragus leucophaeus,"Antilope leucophaea Pallas, 1766",Antilope,leucophaea,"Pallas, 1766",,
15571,Oryx beisa,"Oryx gazella ssp. beisa (Rüppell, 1835)",Oryx,gazella,,subspecies,"(Rüppell, 1835)"
15571,Oryx beisa,"Antilope beisa Rüppell, 1835",Antilope,beisa,"Rüppell, 1835",,
19391,Redunca fulvorufula,"Antilope fulvorufula Afzelius, 1815",Antilope,fulvorufula,"Afzelius, 1815",,
63543,Camelus ferus,"Camelus bactrianus Linnaeus, 1758",Camelus,bactrianus,"Linnaeus, 1758",,
41711,Eubalaena japonica,"Eubalaena glacialis P.L.S. Müller, 1776",Eubalaena,glacialis,"P.L.S. Müller, 1776",,
41756,Platanista gangetica,"Susu platanista (Lesson, 1828)",Susu,platanista,"(Lesson, 1828)",,
41756,Platanista gangetica,"Delphinus gangeticus Lebeck, 1801",Delphinus,gangeticus,"Lebeck, 1801",,
41756,Platanista gangetica,"Delphinorhynchus gangeticus (Lebeck, 1801)",Delphinorhynchus,gangeticus,"(Lebeck, 1801)",,
41756,Platanista gangetica,"Soosoo gangeticus (Lebeck, 1801)",Soosoo,gangeticus,"(Lebeck, 1801)",,
41756,Platanista gangetica,"Platanista gangetica (Lebeck, 1801)",Platanista,gangetica,"(Lebeck, 1801)",,
41756,Platanista gangetica,"Platanista  gangetica ssp. gangetica (Lebeck, 1801)",Platanista ,gangetica,,subspecies,"(Lebeck, 1801)"
190871,Sotalia fluviatilis,"Steno tucuxi Gray, 1856",Steno,tucuxi,"Gray, 1856",,
190871,Sotalia fluviatilis,"Delphinus fluviatilis Gervais & Deville in Gervais, 1853",Delphinus,fluviatilis,"Gervais & Deville in Gervais, 1853",,
190871,Sotalia fluviatilis,"Delphinus guianensis (Van Beneden, 1864)",Delphinus,guianensis,"(Van Beneden, 1864)",,
15188,Okapia johnstoni,"Equus johnstoni P.L. Sclater, 1901",Equus,johnstoni,"P.L. Sclater, 1901",,
13895,Moschus chrysogaster,"Moschus sifanicus Büchner, 1891",Moschus,sifanicus,"Büchner, 1891",,
13901,Moschus leucogaster,"Moschus chrysogaster Hodgson, 1839 ssp. leucogaster",Moschus,chrysogaster,"Hodgson, 1839",subspecies,
22065,Tragulus nigricans,"Tragulus napu ssp. nigricans Thomas, 1892",Tragulus,napu,,subspecies,"Thomas, 1892"
67359375,Pseudoromicia roseveari,"Neoromicia roseveari Monadjem, L.R. Richards, P.J. Taylor & S. Stoffberg, 2013",Neoromicia,roseveari,"Monadjem, L.R. Richards, P.J. Taylor & S. Stoffberg, 2013",,
72261777,Nasuella meridensis,"Nasuella olivacea ssp. meridensis (Thomas, 1901)",Nasuella,olivacea,,subspecies,"(Thomas, 1901)"
72261777,Nasuella meridensis,"Nasua olivacea ssp. meridensis Thomas, 1902",Nasua,olivacea,,subspecies,"Thomas, 1902"
5953,Cuon alpinus,"Canis alpinus Pallas, 1811",Canis,alpinus,"Pallas, 1811",,
2447,Axis kuhlii,"Cervus kuhlii Temminck, 1836",Cervus,kuhlii,"Temminck, 1836",,
136557,Tympanoctomys aureus,"Pipanacoctomys aureus Mares, Braun, Barquez &amp; Diaz, 2000",Pipanacoctomys,aureus,"Mares, Braun, Barquez &amp; Diaz, 2000",,
136714,Tympanoctomys loschalchalerosorum,"Salinoctomys loschalchalerosorum Mares, Braun, Barquez &amp; Diaz, 2000",Salinoctomys,loschalchalerosorum,"Mares, Braun, Barquez &amp; Diaz, 2000",,
4288,Rucervus schomburgki,"Cervus schomburgki Blyth, 1863",Cervus,schomburgki,"Blyth, 1863",,
4084,Cebus malitiosus,"Cebus albifrons ssp. malitiosus Elliot, 1909",Cebus,albifrons,,subspecies,"Elliot, 1909"
39952,Cebus versicolor,"Cebus albifrons ssp. adustus Hershkowitz, 1949",Cebus,albifrons,,subspecies,"Hershkowitz, 1949"
39952,Cebus versicolor,"Cebus albifrons ssp. leucocephalus Gray, 1865",Cebus,albifrons,,subspecies,"Gray, 1865"
39952,Cebus versicolor,"Cebus albifrons ssp. versicolor Pucheran, 1845",Cebus,albifrons,,subspecies,"Pucheran, 1845"
6923,Dusicyon australis,"Canis australis Kerr, 1792",Canis,australis,"Kerr, 1792",,
84372306,Rhinolophus proconsulis,"Rhinolophus arcuatus Peters, 1871",Rhinolophus,arcuatus,"Peters, 1871",,
84372306,Rhinolophus proconsulis,"Rhinolophus  arcuatus proconsulis  Hill, 1988",Rhinolophus ,arcuatus proconsulis ,"Hill, 1988",,
18743,Pteropus niger,"Vespertilio vampirus ssp. niger Kerr, 1792",Vespertilio,vampirus,,subspecies,"Kerr, 1792"
40783,Hippopotamus madagascariensis,"Hippopotamus guldbergi Fovet, Faure & Guérin, 2011",Hippopotamus,guldbergi,"Fovet, Faure & Guérin, 2011",,
40782,Hippopotamus lemerlei,"Hippopotamus madagascariensis Guldberg, 1883 [illegitimate replacement name]",Hippopotamus,madagascariensis,"Guldberg, 1883 [illegitimate replacement name]",,
42655,Spalax zemni,"Glis zemni Erxleben, 1777",Glis,zemni,"Erxleben, 1777",,
42655,Spalax zemni,"Spalax polonicus Méhely, 1909",Spalax,polonicus,"Méhely, 1909",,
42655,Spalax zemni,"Spalax podolicus Trouessart, 1897",Spalax,podolicus,"Trouessart, 1897",,
4206,Cercocebus lunulatus,"Cercocebus atys ssp. lunulatus (Temminck, 1853)",Cercocebus,atys,,subspecies,"(Temminck, 1853)"
4206,Cercocebus lunulatus,"Cercopithecus lunnulatus Temminck, 1853",Cercopithecus,lunnulatus,"Temminck, 1853",,
92252436,Erythrocebus baumstarki,"Erythrocebus patas ssp. baumstarki Matschie, 1905",Erythrocebus,patas,,subspecies,"Matschie, 1905"
4245,Cercopithecus diana,"Cercopithecus diana ssp. diana (Linnaeus, 1758)",Cercopithecus,diana,,subspecies,"(Linnaeus, 1758)"
4245,Cercopithecus diana,"Simia diana Linnaeus, 1758",Simia,diana,"Linnaeus, 1758",,
4232,Cercopithecus roloway,"Cercopithecus diana ssp. roloway (Schreber, 1774)",Cercopithecus,diana,,subspecies,"(Schreber, 1774)"
4232,Cercopithecus roloway,"Simia roloway Schreber, 1774",Simia,roloway,"Schreber, 1774",,
41026,Piliocolobus preussi,"Procolobus badius ssp. preussi (Maatschie, 1900)",Procolobus,badius,,subspecies,"(Maatschie, 1900)"
41026,Piliocolobus preussi,"Procolobus preussi (Matschie, 1900)",Procolobus,preussi,"(Matschie, 1900)",,
41025,Piliocolobus pennantii,"Procolobus badius ssp. pennantii (Waterhouse, 1838)",Procolobus,badius,,subspecies,"(Waterhouse, 1838)"
41025,Piliocolobus pennantii,"Procolobus pennantii ssp. pennantii (Waterhouse, 1838)",Procolobus,pennantii,,subspecies,"(Waterhouse, 1838)"
41025,Piliocolobus pennantii,"Colobus pennantii Waterhouse, 1838",Colobus,pennantii,"Waterhouse, 1838",,
41024,Piliocolobus epieni,"Procolobus badius ssp. epieni Grubb & Powell, 1999",Procolobus,badius,,subspecies,"Grubb & Powell, 1999"
41024,Piliocolobus epieni,"Procolobus pennantii ssp. epieni Grubb &amp; Powell, 1999",Procolobus,pennantii,,subspecies,"Grubb &amp; Powell, 1999"
18252,Piliocolobus foai,"Procolobus badius ssp. foai (de Pousargues, 1899)",Procolobus,badius,,subspecies,"(de Pousargues, 1899)"
18252,Piliocolobus foai,"Procolobus rufomitratus ssp. foai (de Pousargues, 1899)",Procolobus,rufomitratus,,subspecies,"(de Pousargues, 1899)"
18252,Piliocolobus foai,"Piliocolobus rufomitratus ssp. foai (de Pousargues, 1899)",Piliocolobus,rufomitratus,,subspecies,"(de Pousargues, 1899)"
18252,Piliocolobus foai,"Colobus foai de Pousargues, 1899",Colobus,foai,"de Pousargues, 1899",,
84372084,Rhinolophus belligerator,"Rhinolophus  arcuatus proconsulis  Hill, 1988",Rhinolophus ,arcuatus proconsulis ,"Hill, 1988",,
84457541,Dyacopterus rickarti,"Dyacopterus spadiceus Thomas, 1890",Dyacopterus,spadiceus,"Thomas, 1890",,
12305,Lontra provocax,"Lutra provocax Thomas, 1908",Lutra,provocax,"Thomas, 1908",,
18262,Piliocolobus lulindicus,"Piliocolobus rufomitratus ssp. lulindicus Matschie, 1914",Piliocolobus,rufomitratus,,subspecies,"Matschie, 1914"
18262,Piliocolobus lulindicus,"Procolobus badius ssp. lulindicus Matschie, 1914",Procolobus,badius,,subspecies,"Matschie, 1914"
18262,Piliocolobus lulindicus,"Procolobus rufomitratus ssp. lulindicus Matschie, 1914",Procolobus,rufomitratus,,subspecies,"Matschie, 1914"
41763,Equus ferus,"Equus przewalskii Poliakov, 1881",Equus,przewalskii,"Poliakov, 1881",,
6232,Dama mesopotamica,"Dama dama ssp. mesopotamica (Brooke, 1875)",Dama,dama,,subspecies,"(Brooke, 1875)"
15932,Pan paniscus,"Pan satyrus ssp. paniscus Schwarz, 1929",Pan,satyrus,,subspecies,"Schwarz, 1929"
41586,Lycalopex fulvipes,"Pseudalopex fulvipes (Martin, 1837)",Pseudalopex,fulvipes,"(Martin, 1837)",,
13219,Mesocricetus auratus,"Cricetus auratus Waterhouse, 1839",Cricetus,auratus,"Waterhouse, 1839",,
714,Ailurus fulgens,"Ailurus styani Thomas, 1902",Ailurus,styani,"Thomas, 1902",,
5529,Cricetus cricetus,"Mus cricetus Linnaeus, 1758",Mus,cricetus,"Linnaeus, 1758",,
20497,Urocitellus brunneus,"Spermophilus brunneus ssp. brunneus (A.H. Howell, 1928)",Spermophilus,brunneus,,subspecies,"(A.H. Howell, 1928)"
20497,Urocitellus brunneus,"Urocitellus brunneus ssp. brunneus (A.H. Howell, 1928)",Urocitellus,brunneus,,subspecies,"(A.H. Howell, 1928)"
20497,Urocitellus brunneus,"Citellus brunneus  A.H. Howell, 1928",Citellus,brunneus ,"A.H. Howell, 1928",,
20497,Urocitellus brunneus,"Spermophilus  brunneus  A.H. Howell, 1938",Spermophilus ,brunneus ,"A.H. Howell, 1938",,
4037,Catopuma badia,"Pardofelis badia (Gray, 1874)",Pardofelis,badia,"(Gray, 1874)",,
4037,Catopuma badia,"Felis badia Gray, 1874",Felis,badia,"Gray, 1874",,
41667,Zalophus japonicus,"Zalophus californianus ssp. japonicus (Peters, 1866)",Zalophus,californianus,,subspecies,"(Peters, 1866)"
22046,Tragelaphus buxtoni,"Strepsiceros buxtoni Lydekker, 1910",Strepsiceros,buxtoni,"Lydekker, 1910",,
136648,Alticola olchonensis,"Alticola baicalensis Litvinov, 1961",Alticola,baicalensis,"Litvinov, 1961",,
868,Allocebus trichotis,"Cheirogaleus trichotis Günther, 1875",Cheirogaleus,trichotis,"Günther, 1875",,
4085,Cebus trinitatis,"Cebus albifrons ssp. trinitatis von Pusch, 1942",Cebus,albifrons,,subspecies,"von Pusch, 1942"
6302,Daubentonia madagascariensis,"Sciurus madagascariensis Gmelin, 1788",Sciurus,madagascariensis,"Gmelin, 1788",,
8202,Eulemur mongoz,"Lemur mongoz Linnaeus, 1758",Lemur,mongoz,"Linnaeus, 1758",,
8205,Eulemur cinereiceps,"Eulemur albocollaris (Rumpler, 1975)",Eulemur,albocollaris,"(Rumpler, 1975)",,
8205,Eulemur cinereiceps,"Eulemur fulvus ssp. albocollaris (A. Grandidier & Milne-Edwards, 1890)",Eulemur,fulvus,,subspecies,"(A. Grandidier & Milne-Edwards, 1890)"
8206,Eulemur collaris,"Eulemur fulvus ssp. collaris (É. Geoffroy, 1817)",Eulemur,fulvus,,subspecies,"(É. Geoffroy, 1817)"
8211,Eulemur flavifrons,"Eulemur macaco ssp. flavifrons (Gray, 1867)",Eulemur,macaco,,subspecies,"(Gray, 1867)"
9674,Prolemur simus,"Hapalemur simus Gray, 1871",Hapalemur,simus,"Gray, 1871",,
16872,Phaner furcifer,"Phaner furcifer ssp. furcifer (de Blainville, 1839)",Phaner,furcifer,,subspecies,"(de Blainville, 1839)"
16873,Phaner parienti,"Phaner furcifer ssp. parienti Groves & Tattersall, 1991",Phaner,furcifer,,subspecies,"Groves & Tattersall, 1991"
16874,Phaner pallescens,"Phaner furcifer ssp. pallescens Groves & Tattersall, 1991",Phaner,furcifer,,subspecies,"Groves & Tattersall, 1991"
16875,Phaner electromontis,"Phaner furcifer (Groves & Tattersall, 1991) ssp. electromontis",Phaner,furcifer,"(Groves & Tattersall, 1991)",subspecies,
18354,Propithecus verreauxi,"Propithecus verreauxi ssp. verreauxi A. Grandidier, 1867",Propithecus,verreauxi,,subspecies,"A. Grandidier, 1867"
18355,Propithecus coquereli,"Propithecus verreauxi ssp. coquereli (A. Grandidier, 1867)",Propithecus,verreauxi,,subspecies,"(A. Grandidier, 1867)"
18356,Propithecus coronatus,"Propithecus verreauxi ssp. coronatus Milne-Edwards, 1871",Propithecus,verreauxi,,subspecies,"Milne-Edwards, 1871"
18357,Propithecus deckenii,"Propithecus verreauxi ssp. deckenii A. Grandidier, 1867",Propithecus,verreauxi,,subspecies,"A. Grandidier, 1867"
18358,Propithecus diadema,"Propithecus diadema ssp. diadema Bennett, 1832",Propithecus,diadema,,subspecies,"Bennett, 1832"
18359,Propithecus edwardsi,"Propithecus holomelas Günther, 1875",Propithecus,holomelas,"Günther, 1875",,
18359,Propithecus edwardsi,"Propithecus diadema ssp. edwardsi A. Grandidier, 1871",Propithecus,diadema,,subspecies,"A. Grandidier, 1871"
18360,Propithecus candidus,"Propithecus diadema ssp. candidus A. Grandidier, 1871",Propithecus,diadema,,subspecies,"A. Grandidier, 1871"
18361,Propithecus perrieri,"Propithecus diadema ssp. perrieri Lavauden, 1931",Propithecus,diadema,,subspecies,"Lavauden, 1931"
22918,Varecia variegata,"Lemur macaco ssp. variegatus Kerr, 1792",Lemur,macaco,,subspecies,"Kerr, 1792"
22920,Varecia rubra,"Varecia variegata ssp. rubra (É. Geoffroy, 1812)",Varecia,variegata,,subspecies,"(É. Geoffroy, 1812)"
136206,Microcebus mamiratra,"Microcebus lokobensis Olivier et al., 2007",Microcebus,lokobensis,"Olivier et al., 2007",,
136254,Lepilemur randrianasoloi,"Lepilemur randrianasoli Andriaholinirina, Fausser, Roos, Rabarivola, Ravoarimanana, Zinner, Thalmann, Ganzhorn, Meier, Hilgartner, Walter, Zaramody, Langer, Hahn, Zimmermann, Radespiel, Craul, Tomiuk, Tattersall & Rumpler, 2006 [name invalid]",Lepilemur,randrianasoli,"Andriaholinirina, Fausser, Roos, Rabarivola, Ravoarimanana, Zinner, Thalmann, Ganzhorn, Meier, Hilgartner, Walter, Zaramody, Langer, Hahn, Zimmermann, Radespiel, Craul, Tomiuk, Tattersall & Rumpler, 2006 [name invalid]",,
136311,Lepilemur wrightae,"Lepilemur wrighti Louis Jr., Engberg, Lei, Geng, Sommer, Randriamampionona, Randriamanana, Zaonarivelo, Andriantompohavana, Randria, Prosper, Ramaromilanto, Rakotoarisoa, Rooney & Brenneman, 2006 [orth. error]",Lepilemur,wrighti,"Louis Jr., Engberg, Lei, Geng, Sommer, Randriamampionona, Randriamanana, Zaonarivelo, Andriantompohavana, Randria, Prosper, Ramaromilanto, Rakotoarisoa, Rooney & Brenneman, 2006 [orth. error]",,
136376,Lepilemur aeeclis,"Lepilemur aeeclis Andriaholinirina, Fausser, Roos, Rabarivola, Ravoarimanana, Zinner, Thalmann, Ganzhorn, Meier, Hilgartner, Walter, Zaramody, Langer, Hahn, Zimmermann, Radespiel, Craul, Tomiuk, Tattersall & Rumpler, 2006 [name invalid]",Lepilemur,aeeclis,"Andriaholinirina, Fausser, Roos, Rabarivola, Ravoarimanana, Zinner, Thalmann, Ganzhorn, Meier, Hilgartner, Walter, Zaramody, Langer, Hahn, Zimmermann, Radespiel, Craul, Tomiuk, Tattersall & Rumpler, 2006 [name invalid]",,
136491,Lepilemur jamesorum,"Lepilemur jamesi Louis Jr., Engberg, Lei, Geng, Sommer, Randriamampionona, Randriamanana, Zaonarivelo, Andriantompohavana, Randria, Prosper, Ramaromilanto, Rakotoarisoa, Rooney &amp; Brenneman, 2006 [orth. error]",Lepilemur,jamesi,"Louis Jr., Engberg, Lei, Geng, Sommer, Randriamampionona, Randriamanana, Zaonarivelo, Andriantompohavana, Randria, Prosper, Ramaromilanto, Rakotoarisoa, Rooney &amp; Brenneman, 2006 [orth. error]",,
136645,Lepilemur sahamalaza,"Lepilemur sahamalazensis Andriaholinirina, Fausser, Roos, Rabarivola, Ravoarimanana, Zinner, Thalmann, Ganzhorn, Meier, Hilgartner, Walter, Zaramody, Langer, Hahn, Zimmermann, Radespiel, Craul, Tomiuk, Tattersall & Rumpler, 2006 [invalid name]",Lepilemur,sahamalazensis,"Andriaholinirina, Fausser, Roos, Rabarivola, Ravoarimanana, Zinner, Thalmann, Ganzhorn, Meier, Hilgartner, Walter, Zaramody, Langer, Hahn, Zimmermann, Radespiel, Craul, Tomiuk, Tattersall & Rumpler, 2006 [invalid name]",,
136709,Lepilemur tymerlachsoni,"Lepilemur tymerlachsonorum Louis Jr., Engberg, Lei, Geng, Sommer, Randriamampionona, Randriamanana, Zaonarivelo, Andriantompohavana, Randria, Prosper, Ramaromilanto, Rakotoarisoa, Rooney & Brenneman, 2006 [orth. error]",Lepilemur,tymerlachsonorum,"Louis Jr., Engberg, Lei, Geng, Sommer, Randriamampionona, Randriamanana, Zaonarivelo, Andriantompohavana, Randria, Prosper, Ramaromilanto, Rakotoarisoa, Rooney & Brenneman, 2006 [orth. error]",,
136761,Lepilemur hubbardorum,"Lepilemur hubbardi Louis Jr., Engberg, Lei, Geng, Sommer, Randriamampionona, Randriamanana, Zaonarivelo, Andriantompohavana, Randria, Prosper, Ramaromilanto, Rakotoarisoa, Rooney &amp; Brenneman, 2006 [orth. error]",Lepilemur,hubbardi,"Louis Jr., Engberg, Lei, Geng, Sommer, Randriamampionona, Randriamanana, Zaonarivelo, Andriantompohavana, Randria, Prosper, Ramaromilanto, Rakotoarisoa, Rooney &amp; Brenneman, 2006 [orth. error]",,
136771,Lepilemur grewcockorum,"Lepilemur manasamody Craul, Zimmermann, Rasoloharijaona, Randrianambinina & Radespiel, 2007",Lepilemur,manasamody,"Craul, Zimmermann, Rasoloharijaona, Randrianambinina & Radespiel, 2007",,
136771,Lepilemur grewcockorum,"Lepilemur grewcocki Louis Jr., Engberg, Lei, Geng, Sommer, Randriamampionona, Randriamanana, Zaonarivelo, Andriantompohavana, Randria, Prosper, Ramaromilanto, Rakotoarisoa, Rooney, & Brenneman, 2006 [orth. error]",Lepilemur,grewcocki,"Louis Jr., Engberg, Lei, Geng, Sommer, Randriamampionona, Randriamanana, Zaonarivelo, Andriantompohavana, Randria, Prosper, Ramaromilanto, Rakotoarisoa, Rooney, & Brenneman, 2006 [orth. error]",,
12762,Smutsia gigantea,"Manis gigantea Illiger, 1815",Manis,gigantea,"Illiger, 1815",,
12767,Phataginus tricuspis,"Manis tricuspis Rafinesque, 1821",Manis,tricuspis,"Rafinesque, 1821",,
136497,Manis culionensis,"Pholidotus culionensis de Elera, 1915",Pholidotus,culionensis,"de Elera, 1915",,
20425,Sousa teuszii,"Sotalia teuszii Kükenthal, 1892",Sotalia,teuszii,"Kükenthal, 1892",,
115554360,Oryzomys gorgasi,"Oryzomys curasoae McFarlane & Debrot, 2001",Oryzomys,curasoae,"McFarlane & Debrot, 2001",,
15933,Pan troglodytes,"Simia troglodytes Blumenbach, 1799",Simia,troglodytes,"Blumenbach, 1799",,
9404,Gorilla gorilla,"Troglodytes gorilla Savage, 1847",Troglodytes,gorilla,"Savage, 1847",,
6985,Callistomys pictus,"Echimys pictus (F.-J. Pictet, 1841)",Echimys,pictus,"(F.-J. Pictet, 1841)",,
6985,Callistomys pictus,"Isothrix picta F.-J. Pictet, 1841",Isothrix,picta,"F.-J. Pictet, 1841",,
6557,Diceros bicornis,"Rhinoceros bicornis Linnaeus, 1758",Rhinoceros,bicornis,"Linnaeus, 1758",,
4201,Cercocebus torquatus,"Cercocebus torquatus ssp. torquatus (Kerr, 1792)",Cercocebus,torquatus,,subspecies,"(Kerr, 1792)"
4201,Cercocebus torquatus,"Simia aethiops ssp. torquatus Kerr, 1792",Simia,aethiops,,subspecies,"Kerr, 1792"
2477,Balaenoptera musculus,"Balaena musculus Linnaeus, 1758",Balaena,musculus,"Linnaeus, 1758",,
9918,Arabitragus jayakari,"Hemitragus jayakari Thomas, 1894",Hemitragus,jayakari,"Thomas, 1894",,
4227,Allochrocebus preussi,"Cercopithecus preussi Matschie, 1898",Cercopithecus,preussi,"Matschie, 1898",,
161247840,Piliocolobus badius,"Simia badius Kerr, 1792",Simia,badius,"Kerr, 1792",,
161247840,Piliocolobus badius,"Procolobus  badius (Kerr, 1792)",Procolobus ,badius,"(Kerr, 1792)",,
163022885,Cheirogaleus thomasi,"Opolemur thomasi Forsyth Major, 1894",Opolemur,thomasi,"Forsyth Major, 1894",,
136939,Piliocolobus rufomitratus,"Procolobus rufomitratus ssp. rufomitratus (Peters, 1879)",Procolobus,rufomitratus,,subspecies,"(Peters, 1879)"
136939,Piliocolobus rufomitratus,"Colobus rufomitratus Peters, 1879",Colobus,rufomitratus,"Peters, 1879",,
40648,Piliocolobus parmentieri,"Procolobus badius ssp. parmentierorum (Colyn & Verheyen, 1987) [orth. error]",Procolobus,badius,,subspecies,"(Colyn & Verheyen, 1987) [orth. error]"
40648,Piliocolobus parmentieri,"Procolobus badius ssp. parmentieri (Colyn & Verheyen, 1987)",Procolobus,badius,,subspecies,"(Colyn & Verheyen, 1987)"
40648,Piliocolobus parmentieri,"Procolobus foai ssp. parmentieri (Colyn &amp; Verheyen, 1987)",Procolobus,foai,,subspecies,"(Colyn &amp; Verheyen, 1987)"
40648,Piliocolobus parmentieri,Procolobus rufomitratus ssp. parmentieri (Struhsaker and Grubb 2013),Procolobus,rufomitratus,,subspecies,(Struhsaker and Grubb 2013)
40648,Piliocolobus parmentieri,"Colobus rufomitratus ssp. parmentieri Colyn & Verheyen, 1987",Colobus,rufomitratus,,subspecies,"Colyn & Verheyen, 1987"
18261,Piliocolobus langi,"Procolobus badius ssp. langi (J.A. Allen, 1925)",Procolobus,badius,,subspecies,"(J.A. Allen, 1925)"
18261,Piliocolobus langi,"Procolobus rufomitratus ssp. langi (J.A. Allen, 1925)",Procolobus,rufomitratus,,subspecies,"(J.A. Allen, 1925)"
18261,Piliocolobus langi,"Piliocolobus rufomitratus ssp. langi (J.A. Allen, 1925)",Piliocolobus,rufomitratus,,subspecies,"(J.A. Allen, 1925)"
18261,Piliocolobus langi,"Piliocolobus foai ssp. langi (J.A. Allen, 1925)",Piliocolobus,foai,,subspecies,"(J.A. Allen, 1925)"
18261,Piliocolobus langi,"Colubus langi J.A. Allen, 1925",Colubus,langi,"J.A. Allen, 1925",,
18248,Piliocolobus waldroni,"Procolobus badius ssp. waldronae (Hayman, 1936) [alternate spelling]",Procolobus,badius,,subspecies,"(Hayman, 1936) [alternate spelling]"
18248,Piliocolobus waldroni,"Procolobus badius ssp. waldroni (Hayman, 1936)",Procolobus,badius,,subspecies,"(Hayman, 1936)"
18248,Piliocolobus waldroni,"Piliocolobus badius ssp. waldroni (Hayman, 1936)",Piliocolobus,badius,,subspecies,"(Hayman, 1936)"
18248,Piliocolobus waldroni,"Piliocolobus waldronae (Hayman, 1936)",Piliocolobus,waldronae,"(Hayman, 1936)",,
39992,Piliocolobus kirkii,"Procolobus badius ssp. kirkii (Gray, 1868)",Procolobus,badius,,subspecies,"(Gray, 1868)"
39992,Piliocolobus kirkii,"Procolobus kirkii (Gray, 1868)",Procolobus,kirkii,"(Gray, 1868)",,
39992,Piliocolobus kirkii,"Colobus kirkii Gray, 1868",Colobus,kirkii,"Gray, 1868",,
5146,Colobus vellerosus,"Semnopithecus vellerosus I. Geoffroy Saint-Hilaire, 1834",Semnopithecus,vellerosus,"I. Geoffroy Saint-Hilaire, 1834",,
41291,Oryctolagus cuniculus,"Lepus cuniculus Linnaeus, 1758",Lepus,cuniculus,"Linnaeus, 1758",,
18256,Piliocolobus tephrosceles,"Procolobus badius ssp. tephrosceles (Elliot, 1907)",Procolobus,badius,,subspecies,"(Elliot, 1907)"
18256,Piliocolobus tephrosceles,"Tropicolobus gudoviusi Matschie, 1914",Tropicolobus,gudoviusi,"Matschie, 1914",,
18256,Piliocolobus tephrosceles,"Procolobus rufomitratus ssp. tephrosceles (Elliot, 1907)",Procolobus,rufomitratus,,subspecies,"(Elliot, 1907)"
18256,Piliocolobus tephrosceles,"Procolobus pennantii ssp. tephrosceles (Elliot, 1907)",Procolobus,pennantii,,subspecies,"(Elliot, 1907)"
18256,Piliocolobus tephrosceles,"Colobus tephrosceles Elliot, 1907",Colobus,tephrosceles,"Elliot, 1907",,
41712,Eubalaena glacialis,"Balaena glacialis Müller, 1776",Balaena,glacialis,"Müller, 1776",,
39758,Nycticebus bengalensis,"Nycticebus tenasserimensis Elliot, 1913",Nycticebus,tenasserimensis,"Elliot, 1913",,
39758,Nycticebus bengalensis,"Nycticebus incanus Thomas, 1921",Nycticebus,incanus,"Thomas, 1921",,
39758,Nycticebus bengalensis,"Nycticebus cinereus Milne-Edwards, 1867",Nycticebus,cinereus,"Milne-Edwards, 1867",,
39895,Nomascus leucogenys,"Hylobates leucogenys Ogilby, 1840",Hylobates,leucogenys,"Ogilby, 1840",,
8212,Eulemur macaco,"Eulemur macaco ssp. macaco (Linnaeus, 1766)",Eulemur,macaco,,subspecies,"(Linnaeus, 1766)"
8210,Eulemur sanfordi,"Eulemur fulvus ssp. sanfordi (Archbold, 1932)",Eulemur,fulvus,,subspecies,"(Archbold, 1932)"
9676,Hapalemur alaotrensis,"Hapalemur griseus ssp. alaotrensis (Rumpler, 1975)",Hapalemur,griseus,,subspecies,"(Rumpler, 1975)"
8199,Eulemur coronatus,"Lemur coronatus Gray, 1842",Lemur,coronatus,"Gray, 1842",,
918,Alouatta ululata,"Alouatta belzebul ssp. ululata Elliot, 1912",Alouatta,belzebul,,subspecies,"Elliot, 1912"
2276,Ateles belzebuth,"Ateles belzebuth ssp. belzebuth É. Geoffroy Saint-Hilaire, 1806",Ateles,belzebuth,,subspecies,"É. Geoffroy Saint-Hilaire, 1806"
41547,Ateles chamek,"Ateles peruvianus Lönnberg, 1940",Ateles,peruvianus,"Lönnberg, 1940",,
41547,Ateles chamek,"Ateles longimembris  J.A. Allen, 1914",Ateles,longimembris," J.A. Allen, 1914",,
41547,Ateles chamek,"Simia chamek Humboldt, 1812",Simia,chamek,"Humboldt, 1812",,
2282,Ateles marginatus,"Ateles belzebuth ssp. marginatus É. Geoffroy Saint-Hilaire, 1809",Ateles,belzebuth,,subspecies,"É. Geoffroy Saint-Hilaire, 1809"
4081,Cebus aequatorialis,"Cebus albifrons ssp. aequatorialis J. A. Allen, 1914",Cebus,albifrons,,subspecies,"J. A. Allen, 1914"
39929,Callicebus barbarabrownae,"Callicebus personatus ssp. barbarabrownae Hershkovitz, 1990",Callicebus,personatus,,subspecies,"Hershkovitz, 1990"
39929,Callicebus barbarabrownae,"Callicebus gigot ssp. gigot (Hill, 1960)",Callicebus,gigot,,subspecies,"(Hill, 1960)"
39956,Chiropotes satanas,"Chiropotes satanas ssp. satanas (Hoffmannsegg, 1807)",Chiropotes,satanas,,subspecies,"(Hoffmannsegg, 1807)"
39956,Chiropotes satanas,"Chiropotes ater Gray, 1870",Chiropotes,ater,"Gray, 1870",,
39956,Chiropotes satanas,"Chiropotes nigra (Trouessart, 1897)",Chiropotes,nigra,"(Trouessart, 1897)",,
40019,Cebus kaapori,"Cebus olivaceus ssp. kaapori Queiroz, 1992",Cebus,olivaceus,,subspecies,"Queiroz, 1992"
39924,Lagothrix flavicauda,"Simia flavicauda Humboldt, 1812",Simia,flavicauda,"Humboldt, 1812",,
39924,Lagothrix flavicauda,"Oreonax flavicauda (Humboldt, 1812)",Oreonax,flavicauda,"(Humboldt, 1812)",,
39924,Lagothrix flavicauda,"Oreonax hendeei (Thomas, 1927)",Oreonax,hendeei,"(Thomas, 1927)",,
39924,Lagothrix flavicauda,"Lagothrix hendeei (Thomas, 1927)",Lagothrix,hendeei,"(Thomas, 1927)",,
40643,Leontopithecus chrysomelas,"Leontopithecus chrysomela (Kuhl, 1820) [orth. error]",Leontopithecus,chrysomela,"(Kuhl, 1820) [orth. error]",,
14699281,Plecturocebus caquetensis,"Callicebus caquetensis Defler, Bueno &amp; García 2010",Callicebus,caquetensis,"Defler, Bueno &amp; García 2010",,
19823,Oedipomidas oedipus,"Saguinus oedipus (Linnaeus, 1758)",Saguinus,oedipus,"(Linnaeus, 1758)",,
19823,Oedipomidas oedipus,"Simia oedipus Linnaeus, 1758",Simia,oedipus,"Linnaeus, 1758",,
40644,Saguinus bicolor,"Saguinus bicolor ssp. bicolor Spix, 1823",Saguinus,bicolor,,subspecies,"Spix, 1823"
4074,Sapajus xanthosternos,"Cebus apella ssp. xanthosternos Wied-Neuwied, 1826",Cebus,apella,,subspecies,"Wied-Neuwied, 1826"
4074,Sapajus xanthosternos,"Cebus xanthosternos Wied-Neuwied, 1826",Cebus,xanthosternos,"Wied-Neuwied, 1826",,
42697,Sapajus robustus,"Cebus apella ssp. robustus Kuhl, 1820",Cebus,apella,,subspecies,"Kuhl, 1820"
42697,Sapajus robustus,"Simia variegata (Humbolt, 1812)",Simia,variegata,"(Humbolt, 1812)",,
42697,Sapajus robustus,"Cebus variegatus (Elliot, 1913)",Cebus,variegatus,"(Elliot, 1913)",,
42697,Sapajus robustus,"Cebus nigritus ssp. robustus (Groves, 2001)",Cebus,nigritus,,subspecies,"(Groves, 2001)"
42697,Sapajus robustus,"Cebus robustus Kuhl, 1820",Cebus,robustus,"Kuhl, 1820",,
136253,Sapajus flavius,"Cebus flavius (Schreber, 1774)",Cebus,flavius,"(Schreber, 1774)",,
136253,Sapajus flavius,"Cebus queirozi Pontes and Malta, 2006",Cebus,queirozi,"Pontes and Malta, 2006",,
14352,Nasalis larvatus,"Nasalis nasica (Lacépède, 1799)",Nasalis,nasica,"(Lacépède, 1799)",,
14352,Nasalis larvatus,"Nasalis capistratus (Kerr, 1792)",Nasalis,capistratus,"(Kerr, 1792)",,
14352,Nasalis larvatus,"Nasalis recurvus Vigors & Horsfield, 1828",Nasalis,recurvus,"Vigors & Horsfield, 1828",,
4082,Cebus cesarae,"Cebus albifrons ssp. cesarae Hershkovitz, 1949",Cebus,albifrons,,subspecies,"Hershkovitz, 1949"
39828,Pygathrix nigripes,"Pygathrix moi (Kloss, 1926)",Pygathrix,moi,"(Kloss, 1926)",,
40789,Trachypithecus hatinhensis,"Trachypithecus francoisi ssp. hatinhesis (Dao, 1970) [orth. error]",Trachypithecus,francoisi,,subspecies,"(Dao, 1970) [orth. error]"
40789,Trachypithecus hatinhensis,"Trachypithecus ebenus (Brandon-Jones, 1995)",Trachypithecus,ebenus,"(Brandon-Jones, 1995)",,
136843,Lepilemur ahmansoni,"Lepilemur ahmansorum Louis Jr., Engberg, Lei, Geng, Sommer, Randriamampionona, Randriamanana, Zaonarivelo, Andriantompohavana, Randria, Prosper, Ramaromilanto, Rakotoarisoa, Rooney & Brenneman, 2006 [orth. error]",Lepilemur,ahmansorum,"Louis Jr., Engberg, Lei, Geng, Sommer, Randriamampionona, Randriamanana, Zaonarivelo, Andriantompohavana, Randria, Prosper, Ramaromilanto, Rakotoarisoa, Rooney & Brenneman, 2006 [orth. error]",,
136843,Lepilemur ahmansoni,"Lepilemur ahmansonorum Louis Jr., Engberg, Lei, Geng, Sommer, Randriamampionona, Randriamanana, Zaonarivelo, Andriantompohavana, Randria, Prosper, Ramaromilanto, Rakotoarisoa, Rooney & Brenneman, 2006 [orth. error]",Lepilemur,ahmansonorum,"Louis Jr., Engberg, Lei, Geng, Sommer, Randriamampionona, Randriamanana, Zaonarivelo, Andriantompohavana, Randria, Prosper, Ramaromilanto, Rakotoarisoa, Rooney & Brenneman, 2006 [orth. error]",,
136843,Lepilemur ahmansoni,"Lepilemur ahmansonori Louis Jr., Engberg, Lei, Geng, Sommer, Randriamampionona, Randriamanana, Zaonarivelo, Andriantompohavana, Randria, Prosper, Ramaromilanto, Rakotoarisoa, Rooney & Brenneman, 2006 [orth. error]",Lepilemur,ahmansonori,"Louis Jr., Engberg, Lei, Geng, Sommer, Randriamampionona, Randriamanana, Zaonarivelo, Andriantompohavana, Randria, Prosper, Ramaromilanto, Rakotoarisoa, Rooney & Brenneman, 2006 [orth. error]",,
15568,Oryx dammah,"Antilope dammah Cretzschmar, 1826",Antilope,dammah,"Cretzschmar, 1826",,
12553,Macaca maura,"Macaca hypomelas (Matschie, 1901)",Macaca,hypomelas,"(Matschie, 1901)",,
12553,Macaca maura,"Macaca inornatus (Gray, 1866)",Macaca,inornatus,"(Gray, 1866)",,
12553,Macaca maura,"Macaca cuvieri (Fischer, 1829)",Macaca,cuvieri,"(Fischer, 1829)",,
12553,Macaca maura,"Macaca majuscula Hooijer, 1950",Macaca,majuscula,"Hooijer, 1950",,
12553,Macaca maura,"Macaca fusco-ater (Schinz, 1844)",Macaca,fusco-ater,"(Schinz, 1844)",,
12553,Macaca maura,"Macaca maurus (H.R. Schinz, 1825)",Macaca,maurus,"(H.R. Schinz, 1825)",,
39808,Presbytis canicrus,"Semnopithecus canicrus Miller, 1934",Semnopithecus,canicrus,"Miller, 1934",,
39808,Presbytis canicrus,"Presbytis hosei ssp. canicrus (Miller, 1934)",Presbytis,hosei,,subspecies,"(Miller, 1934)"
136920,Trachypithecus crepusculus,"Trachypithecus phayrei ssp. crepuscula (Elliot, 1909)",Trachypithecus,phayrei,,subspecies,"(Elliot, 1909)"
181007989,Loxodonta cyclotis,"Loxodonta africana ssp. cyclotis Matschie, 1900",Loxodonta,africana,,subspecies,"Matschie, 1900"
39805,Presbytis percura,"Presbytis femoralis ssp. percura Lyon, 1908",Presbytis,femoralis,,subspecies,"Lyon, 1908"
39761,Nycticebus javanicus,"Nycticebus coucang ssp. javanicus É. Geoffroy, 1812",Nycticebus,coucang,,subspecies,"É. Geoffroy, 1812"
39761,Nycticebus javanicus,"Nycticebus ornatus Thomas, 1921",Nycticebus,ornatus,"Thomas, 1921",,
136769,Pipistrellus murrayi,"Pipistrellus tenuis ssp. murrayi Andrews, 1900",Pipistrellus,tenuis,,subspecies,"Andrews, 1900"
4309,Mops bregullae,"Chaerephon bregullae (Felten, 1964)",Chaerephon,bregullae,"(Felten, 1964)",,
4309,Mops bregullae,"Tadarida bregullae (Felten, 1964)",Tadarida,bregullae,"(Felten, 1964)",,
4216,Chlorocebus dryas,"Cercopithecus salongo Thys van den Audenaerde, 1977",Cercopithecus,salongo,"Thys van den Audenaerde, 1977",,
4216,Chlorocebus dryas,"Cercopithecus dryas Schwarz, 1932",Cercopithecus,dryas,"Schwarz, 1932",,
18250,Piliocolobus bouvieri,"Procolobus pennantii ssp. bouvieri (de Rochebrune, 1887)",Procolobus,pennantii,,subspecies,"(de Rochebrune, 1887)"
18250,Piliocolobus bouvieri,"Procolobus badius ssp. bouvieri (de Rochebrune, 1887)",Procolobus,badius,,subspecies,"(de Rochebrune, 1887)"
210368667,Lepilemur dorsalis,"Lepilemur grandidieri (Forsyth Major, 1894)",Lepilemur,grandidieri,"(Forsyth Major, 1894)",,
210368667,Lepilemur dorsalis,"Lepilemur mittermeieri Rabarivola, Zaramody, Fausser, Andriaholinirina, Roos, Zinner, Marcel &amp; Rumpler, 2006",Lepilemur,mittermeieri,"Rabarivola, Zaramody, Fausser, Andriaholinirina, Roos, Zinner, Marcel &amp; Rumpler, 2006",,
39875,Trachypithecus margarita,"Trachypithecus villosus ssp. margarita (Elliot, 1909)",Trachypithecus,villosus,,subspecies,"(Elliot, 1909)"
39875,Trachypithecus margarita,"Trachypithecus germaini ssp. margarita (Elliot, 1909)",Trachypithecus,germaini,,subspecies,"(Elliot, 1909)"
17315,Pipistrellus maderensis,"Vesperugo maderensis Dobson, 1878",Vesperugo,maderensis,"Dobson, 1878",,
15955,Panthera tigris,"Felis tigris Linnaeus, 1758",Felis,tigris,"Linnaeus, 1758",,
39801,Presbytis femoralis,"Presbytis australis Miller, 1913",Presbytis,australis,"Miller, 1913",,
39801,Presbytis femoralis,"Presbytis neglectus (Schlegel, 1876)",Presbytis,neglectus,"(Schlegel, 1876)",,
39801,Presbytis femoralis,"Presbytis femoralis ssp. femoralis (Martin, 1838)",Presbytis,femoralis,,subspecies,"(Martin, 1838)"
39801,Presbytis femoralis,"Semnopithecus femoralis Martin, 1838",Semnopithecus,femoralis,"Martin, 1838",,
12303,Lontra felina,"Lutra felina Molina, 1782",Lutra,felina,"Molina, 1782",,
217035435,Perameles myosuros,"Perameles bougainville ssp. myosorus Wagner, 1841",Perameles,bougainville,,subspecies,"Wagner, 1841"
217035453,Perameles notina,"Perameles bougainville ssp. notina O. Thomas, 1922",Perameles,bougainville,,subspecies,"O. Thomas, 1922"
40579,Petauroides volans,"Didelphis volans Kerr, 1792",Didelphis,volans,"Kerr, 1792",,
40579,Petauroides volans,"Petauroides armillatus O. Thomas, 1923",Petauroides,armillatus,"O. Thomas, 1923",,
40579,Petauroides volans,"Petauroides minor (Collett, 1887)",Petauroides,minor,"(Collett, 1887)",,
39874,Trachypithecus germaini,"Trachypithecus koratensis (Kloss, 1919)",Trachypithecus,koratensis,"(Kloss, 1919)",,
39874,Trachypithecus germaini,"Trachypithecus mandibularis (Kloss, 1916)",Trachypithecus,mandibularis,"(Kloss, 1916)",,
12375,Loris tardigradus,"Loris ceylonicus Fischer, 1804",Loris,ceylonicus,"Fischer, 1804",,
12375,Loris tardigradus,"Loris zeylanicus Lydekker, 1905",Loris,zeylanicus,"Lydekker, 1905",,
12375,Loris tardigradus,"Loris gracilis É. Geoffroy Saint-Hilaire, 1796",Loris,gracilis,"É. Geoffroy Saint-Hilaire, 1796",,
12375,Loris tardigradus,"Arachnocebus  lori  Lesson, 1840",Arachnocebus ,lori ,"Lesson, 1840",,
12375,Loris tardigradus,"Lemur   tardigradus Linnaeus, 1758",Lemur  ,tardigradus,"Linnaeus, 1758",,
12375,Loris tardigradus,"Loris   gracilis  ssp. zeylanicus Lydekker, 1905",Loris  ,gracilis ,,subspecies,"Lydekker, 1905"
18338,Prolagus sardus,"Lagomys sardus Wagner, 1832",Lagomys,sardus,"Wagner, 1832",,
7750,Enhydra lutris,"Mustela lutra Linnaeus, 1758",Mustela,lutra,"Linnaeus, 1758",,
12436,Lycaon pictus,"Hyaena picta Temminck, 1820",Hyaena,picta,"Temminck, 1820",,
97250195,Spalax antiquus,Spalax  graecus  ssp. mezosegiensis  Szunyoghy,Spalax ,graecus ,,subspecies,Szunyoghy
92332716,Sicista trizona,Mus trizonus Frivaldszky 1865,Mus,trizonus,Frivaldszky 1865,,
20472,Spermophilus citellus,"Mus citellus Linnaeus, 1766",Mus,citellus,"Linnaeus, 1766",,
20492,Spermophilus suslicus,"Mus suslicus Güldenstaedt, 1770",Mus,suslicus,"Güldenstaedt, 1770",,
110500058,Sicista loriger,"Sicista nordmanni Keyserling & Blasius, 1840",Sicista,nordmanni,"Keyserling & Blasius, 1840",,
110500058,Sicista loriger,"Sminthus  loriger  Nathusius, 1840",Sminthus ,loriger ,"Nathusius, 1840",,
110500058,Sicista loriger,"Sicista subtilis ssp. nordmanni Keyserling & Blasius, 1840",Sicista,subtilis,,subspecies,"Keyserling & Blasius, 1840"
70330181,Plecturocebus vieirai,"Callicebus vieirai Gualda-Barros, Nascimento &amp; Amaral, 2012",Callicebus,vieirai,"Gualda-Barros, Nascimento &amp; Amaral, 2012",,
181008073,Loxodonta africana,"Elephas africana Blumenbach, 1797",Elephas,africana,"Blumenbach, 1797",,
181008073,Loxodonta africana,"Loxodonta africana ssp. africana (Blumenbach, 1797)",Loxodonta,africana,,subspecies,"(Blumenbach, 1797)"
12555,Macaca nemestrina,"Macaca platypygos (Schreber, 1774)",Macaca,platypygos,"(Schreber, 1774)",,
12555,Macaca nemestrina,"Macaca libidinosus I. Geoffroy, 1826",Macaca,libidinosus,"I. Geoffroy, 1826",,
12555,Macaca nemestrina,"Macaca fusca (Shaw, 1800)",Macaca,fusca,"(Shaw, 1800)",,
12555,Macaca nemestrina,"Macaca longicruris (Link, 1795)",Macaca,longicruris,"(Link, 1795)",,
12555,Macaca nemestrina,"Macaca maimon (de Blainville, 1839)",Macaca,maimon,"(de Blainville, 1839)",,
12555,Macaca nemestrina,"Macaca nucifera Sody, 1936",Macaca,nucifera,"Sody, 1936",,
12555,Macaca nemestrina,"Macaca broca Miller, 1906",Macaca,broca,"Miller, 1906",,
12555,Macaca nemestrina,"Macaca carpolegus (Raffles, 1821)",Macaca,carpolegus,"(Raffles, 1821)",,
12555,Macaca nemestrina,"Macaca brachyurus (Hamilton Smith, 1842)",Macaca,brachyurus,"(Hamilton Smith, 1842)",,
9002,Geocapromys ingrahami,"Capromys ingrahami J.A. Allen, 1891",Capromys,ingrahami,"J.A. Allen, 1891",,
8826,Galemys pyrenaicus,"Mygale pyrenaica É. Geoffroy St. Hilaire, 1811",Mygale,pyrenaica,"É. Geoffroy St. Hilaire, 1811",,
82031633,Sousa plumbea,"Delphinus plumbeus G. Cuvier, 1829",Delphinus,plumbeus,"G. Cuvier, 1829",,
6506,Desmana moschata,"Castor moschata Linnaeus, 1758",Castor,moschata,"Linnaeus, 1758",,
136574,Prosciurillus rosenbergii,"Sciurus rosenbergii Jentink, 1879",Sciurus,rosenbergii,"Jentink, 1879",,
3329,Bunomys coelestis,"Mus coelestis O. Thomas, 1896",Mus,coelestis,"O. Thomas, 1896",,
136721,Bos primigenius,"Bos namadicus Falconer, 1859",Bos,namadicus,"Falconer, 1859",,
136721,Bos primigenius,"Bos mauretanicus Thomas, 1881",Bos,mauretanicus,"Thomas, 1881",,
41757,Platanista minor,Delphinus gangeticus Lebeck 1801 [pro parte],Delphinus,gangeticus,Lebeck 1801 [pro parte],,
41757,Platanista minor,"Platanista gangetica (Lebeck, 1801) [pro parte]",Platanista,gangetica,"(Lebeck, 1801) [pro parte]",,
41757,Platanista minor,"Platanista indi Blyth, 1859",Platanista,indi,"Blyth, 1859",,
41757,Platanista minor,"Platanista gangetica ssp. minor Owen, 1853",Platanista,gangetica,,subspecies,"Owen, 1853"
18711,Pteronura brasiliensis,"Pteronura sambachii Gray, 1837",Pteronura,sambachii,"Gray, 1837",,
18711,Pteronura brasiliensis,"Mustela brasilinensis Gmelin, 1788",Mustela,brasilinensis,"Gmelin, 1788",,
253585790,Xanthonycticebus pygmaeus,"Nycticebus pygmaeus Bonhote, 1907",Nycticebus,pygmaeus,"Bonhote, 1907",,
253587364,Xanthonycticebus intermedius,"Nycticebus pygmaeus ssp. intermedius Dao Van Thien, 1960",Nycticebus,pygmaeus,,subspecies,"Dao Van Thien, 1960"
5223,Conilurus albipes,"Hapalotis albipes Lichtenstein, 1829",Hapalotis,albipes,"Lichtenstein, 1829",,
11633,Leporillus apicalis,"Hapalotis apicalis J. Gould, 1853",Hapalotis,apicalis,"J. Gould, 1853",,
18557,Pseudomys shortridgei,"Mus shortridgei O. Thomas, 1907",Mus,shortridgei,"O. Thomas, 1907",,
19344,Rattus macleari,"Mus macleari Thomas, 1887",Mus,macleari,"Thomas, 1887",,
14864,Notomys longicaudatus,"Hapalotis longicaudata J. Gould, 1844",Hapalotis,longicaudata,"J. Gould, 1844",,
19351,Rattus nativitatis,"Mus nativitatis Thomas, 1889",Mus,nativitatis,"Thomas, 1889",,
18103,Potorous platyops,Potorous morgani  Finlayson 1938,Potorous,morgani ,Finlayson 1938,,
71510353,Bettongia anhydra,"Bettongia penicillata ssp. anhydra Finlayson, 1957",Bettongia,penicillata,,subspecies,"Finlayson, 1957"
12625,Notamacropus greyi,"Macropus greyi Waterhouse, 1845",Macropus,greyi,"Waterhouse, 1845",,
21866,Thylacinus cynocephalus,"Didelphis cynocephala Harris, 1808",Didelphis,cynocephala,"Harris, 1808",,
17975,Pongo pygmaeus,"Simia pygmaeus Linnaeus, 1760",Simia,pygmaeus,"Linnaeus, 1760",,
6671,Diplothrix legata,"Diplothrix legatus (Thomas, 1906) [orth. error]",Diplothrix,legatus,"(Thomas, 1906) [orth. error]",,
6989,Phyllomys thomasi,"Mesomys thomasi von Ihering, 1897",Mesomys,thomasi,"von Ihering, 1897",,
6989,Phyllomys thomasi,"Echimys thomasi (von Ihering, 1893)",Echimys,thomasi,"(von Ihering, 1893)",,
20428,Spalax arenarius,"Spalax microphthalmus arenarius Reshetnik, 1939",Spalax,microphthalmus arenarius,"Reshetnik, 1939",,
2888,Bos javanicus,"Bos lowi Lydekker, 1912",Bos,lowi,"Lydekker, 1912",,
2888,Bos javanicus,"Bos birmanicus Lydekker, 1898",Bos,birmanicus,"Lydekker, 1898",,
4652,Chinchilla laniger,"Chinchilla lanigera (E.T. Bennett, 1829)",Chinchilla,lanigera,"(E.T. Bennett, 1829)",,
4652,Chinchilla laniger,"Mus laniger G.I. Molina, 1782",Mus,laniger,"G.I. Molina, 1782",,
12551,Macaca fascicularis,"Simia cynomolgus Schreber, 1775",Simia,cynomolgus,"Schreber, 1775",,
12551,Macaca fascicularis,"Simia aygula Linnaeus, 1758",Simia,aygula,"Linnaeus, 1758",,
12551,Macaca fascicularis,"Macacus carbonaria Cuvier, 1825",Macacus,carbonaria,"Cuvier, 1825",,
12551,Macaca fascicularis,"Macaca irus Geoffroy ,1826",Macaca,irus,"Geoffroy ,1826",,
12551,Macaca fascicularis,"Semnpithecus kra  Lesson, 1830",Semnpithecus,kra ,"Lesson, 1830",,
12551,Macaca fascicularis,"Simia fascicularis Raffles, 1821",Simia,fascicularis,"Raffles, 1821",,
18732,Pteropus livingstonii,Pteropus livingstonei Andersen 1912,Pteropus,livingstonei,Andersen 1912,,
6204,Cystophora cristata,"Cystophora antillarum Gray, 1849",Cystophora,antillarum,"Gray, 1849",,
6204,Cystophora cristata,"Phoca cristata Erxleben, 1777",Phoca,cristata,"Erxleben, 1777",,
15452,Leopardus jacobita,"Oreailurus jacobita (Cornalia, 1865)",Oreailurus,jacobita,"(Cornalia, 1865)",,
15452,Leopardus jacobita,"Felis jacobita Cornalia, 1865",Felis,jacobita,"Cornalia, 1865",,
15452,Leopardus jacobita,"Oreailurus jacobitus (Cornalia, 1865) [orth. error]",Oreailurus,jacobitus,"(Cornalia, 1865) [orth. error]",,
15452,Leopardus jacobita,"Oreailurus jacobitus (Cornalia, 1865)",Oreailurus,jacobitus,"(Cornalia, 1865)",,
